"ID","Group","SampleID","Stage","Sex","BMI","Weight","Age","weight.k","weight.p","BMI.k","BMI.p"
"P05","ET_P","RSZYD17042795_A","Before","F",27.39,71,30,4.09999999999999,5.77,1.58,5.77
"P05","ET_P","RSZYD17050397_A","After","F",25.81,66.9,30,4.09999999999999,5.77,1.58,5.77
"P14","ET_P","RSZYD17042799_A","Before","M",27.75,77.4,29,2.60000000000001,3.36,0.93,3.35
"P14","ET_P","RSZYD17050383_A","After","M",26.82,74.8,29,2.60000000000001,3.36,0.93,3.35
"P15","ET_B","RSZYD17042803_A","Before","M",27.38,81,26,3.5,4.32,1.18,4.31
"P15","ET_B","RSZYD17050391_A","After","M",26.2,77.5,26,3.5,4.32,1.18,4.31
"P16","ET_B","RSZYD17042790_A","Before","M",27.1,83,39,0.349999999999994,0.42,0.110000000000003,0.41
"P16","ET_B","RSZYD17050411_A","After","M",26.99,82.65,39,0.349999999999994,0.42,0.110000000000003,0.41
"P19","ET_P","RSZYD17042782_A","Before","M",25.33,73.2,52,2,2.73,0.689999999999998,2.72
"P19","ET_P","RSZYD17050408_A","After","M",24.64,71.2,52,2,2.73,0.689999999999998,2.72
"P20","ET_B","RSZYD17042798_A","Before","F",23.24,61.75,26,2.49,4.03,0.939999999999998,4.04
"P20","ET_B","RSZYD17050399_A","After","F",22.3,59.26,26,2.49,4.03,0.939999999999998,4.04
"P25","ET_B","RSZYD17042786_A","Before","F",23.05,59,30,1,1.69,0.390000000000001,1.69
"P25","ET_B","RSZYD17050390_A","After","F",22.66,58,30,1,1.69,0.390000000000001,1.69
"P26","ET_B","RSZYD17042793_A","Before","F",23.16,53.5,24,1.33,2.49,0.580000000000002,2.5
"P26","ET_B","RSZYD17050382_A","After","F",22.58,52.17,24,1.33,2.49,0.580000000000002,2.5
"P33","ET_P","RSZYD17042789_A","Before","F",23.66,62.1,29,2.9,4.67,1.1,4.65
"P33","ET_P","RSZYD17050381_A","After","F",22.56,59.2,29,2.9,4.67,1.1,4.65
"P37","ET_B","RSZYD17042809_A","Before","F",23.15,60,30,2.8,4.67,1.08,4.67
"P37","ET_B","RSZYD17050402_A","After","F",22.07,57.2,30,2.8,4.67,1.08,4.67
"P41","ET_B","RSZYD17042817_A","Before","F",25.62,65.6,32,0.769999999999996,1.17,0.300000000000001,1.17
"P41","ET_B","RSZYD17050380_A","After","F",25.32,64.83,32,0.769999999999996,1.17,0.300000000000001,1.17
"P42","ET_B","RSZYD17042797_A","Before","M",26.03,77,53,1,1.3,0.34,1.31
"P42","ET_B","RSZYD17050389_A","After","M",25.69,76,53,1,1.3,0.34,1.31
"P43","ET_P","RSZYD17042784_A","Before","F",24.77,65,31,2.1,3.23,0.800000000000001,3.23
"P43","ET_P","RSZYD17050387_A","After","F",23.97,62.9,31,2.1,3.23,0.800000000000001,3.23
"P44","ET_B","RSZYD17042816_A","Before","F",26.5,67,26,1.55,2.31,0.609999999999999,2.3
"P44","ET_B","RSZYD17050409_A","After","F",25.89,65.45,26,1.55,2.31,0.609999999999999,2.3
"P46","ET_B","RSZYD17042821_A","Before","F",19.63,49,31,-1,-2.04,-0.400000000000002,-2.04
"P46","ET_B","RSZYD17050384_A","After","F",20.03,50,31,-1,-2.04,-0.400000000000002,-2.04
"P49","ET_P","RSZYD17042769_A","Before","M",20.21,53.7,32,0.800000000000004,1.49,0.300000000000001,1.48
"P49","ET_P","RSZYD17050369_A","After","M",19.91,52.9,32,0.800000000000004,1.49,0.300000000000001,1.48
"P50","ET_B","RSZYD17042765_A","Before","M",22.29,66.7,25,1.90000000000001,2.85,0.640000000000001,2.87
"P50","ET_B","RSZYD17050368_A","After","M",21.65,64.8,25,1.90000000000001,2.85,0.640000000000001,2.87
"P52","ET_P","RSZYD17042770_A","Before","F",26.91,70.63,33,3.33,4.71,1.27,4.72
"P52","ET_P","RSZYD17050406_A","After","F",25.64,67.3,33,3.33,4.71,1.27,4.72
"P54","ET_B","RSZYD17042762_A","Before","M",27.75,80.2,31,1.83,2.28,0.629999999999999,2.27
"P54","ET_B","RSZYD17050362_A","After","M",27.12,78.37,31,1.83,2.28,0.629999999999999,2.27
"P56","ET_B","RSZYD17042805_A","Before","F",21.89,56.05,43,0.449999999999996,0.8,0.170000000000002,0.78
"P56","ET_B","RSZYD17050356_A","After","F",21.72,55.6,43,0.449999999999996,0.8,0.170000000000002,0.78
"P57","ET_B","RSZYD17042768_A","Before","F",21.58,50.52,26,2.3,4.55,0.979999999999997,4.54
"P57","ET_B","RSZYD17050363_A","After","F",20.6,48.22,26,2.3,4.55,0.979999999999997,4.54
"P58","ET_P","RSZYD17042761_A","Before","M",26.48,93.6,36,2.58,2.76,0.73,2.76
"P58","ET_P","RSZYD17050371_A","After","M",25.75,91.02,36,2.58,2.76,0.73,2.76
"P60","ET_B","RSZYD17042756_A","Before","F",27.85,74,28,1.93000000000001,2.61,0.720000000000002,2.59
"P60","ET_B","RSZYD17050358_A","After","F",27.13,72.07,28,1.93000000000001,2.61,0.720000000000002,2.59
"P61","ET_B","RSZYD17042763_A","Before","M",23.38,66,25,1.15000000000001,1.74,0.399999999999999,1.71
"P61","ET_B","RSZYD17050357_A","After","M",22.98,64.85,25,1.15000000000001,1.74,0.399999999999999,1.71
"P62","ET_B","RSZYD17042774_A","Before","F",23.88,65,22,0.799999999999997,1.23,0.300000000000001,1.26
"P62","ET_B","RSZYD17050403_A","After","F",23.58,64.2,22,0.799999999999997,1.23,0.300000000000001,1.26
"P66","ET_P","RSZYD17042773_A","Before","M",21.3,58,25,0.380000000000003,0.66,0.140000000000001,0.66
"P66","ET_P","RSZYD17050377_A","After","M",21.16,57.62,25,0.380000000000003,0.66,0.140000000000001,0.66
"P67","ET_B","RSZYD17042759_A","Before","F",20.2,54,24,-0.899999999999999,-1.67,-0.34,-1.68
"P67","ET_B","RSZYD17050359_A","After","F",20.54,54.9,24,-0.899999999999999,-1.67,-0.34,-1.68
"P68","ET_B","RSZYD17042811_A","Before","M",27.63,93.53,27,2.53,2.71,0.75,2.71
"P68","ET_B","RSZYD17050351_A","After","M",26.88,91,27,2.53,2.71,0.75,2.71
"P69","ET_P","RSZYD17042775_A","Before","F",23.12,54.83,30,2.25,4.1,0.949999999999999,4.11
"P69","ET_P","RSZYD17050360_A","After","F",22.17,52.58,30,2.25,4.1,0.949999999999999,4.11
"P72","ET_B","RSZYD17042757_A","Before","F",20.6,51.43,40,0,0,0,0
"P72","ET_B","RSZYD17050350_A","After","F",20.6,51.43,40,0,0,0,0
"P73","ET_B","RSZYD17042767_A","Before","F",23.51,60.18,29,0.909999999999997,1.51,0.360000000000003,1.53
"P73","ET_B","RSZYD17050349_A","After","F",23.15,59.27,29,0.909999999999997,1.51,0.360000000000003,1.53
"P75","ET_B","RSZYD17042776_A","Before","M",18.51,51.62,26,1.47,2.85,0.530000000000001,2.86
"P75","ET_B","RSZYD17050361_A","After","M",17.98,50.15,26,1.47,2.85,0.530000000000001,2.86
"P76","ET_P","RSZYD17042810_A","Before","F",23.64,69.93,25,1.13000000000001,1.62,0.379999999999999,1.61
"P76","ET_P","RSZYD17050405_A","After","F",23.26,68.8,25,1.13000000000001,1.62,0.379999999999999,1.61
"P78","ET_B","RSZYD17042780_A","Before","F",21.05,58,25,-0.299999999999997,-0.52,-0.109999999999999,-0.52
"P78","ET_B","RSZYD17050354_A","After","F",21.16,58.3,25,-0.299999999999997,-0.52,-0.109999999999999,-0.52
"P79","ET_B","RSZYD17042771_A","Before","M",21.63,64,26,1.9,2.97,0.640000000000001,2.96
"P79","ET_B","RSZYD17050370_A","After","M",20.99,62.1,26,1.9,2.97,0.640000000000001,2.96
"P80","ET_B","RSZYD17042760_A","Before","M",20.62,61,34,0.899999999999999,1.48,0.300000000000001,1.45
"P80","ET_B","RSZYD17050348_A","After","M",20.32,60.1,34,0.899999999999999,1.48,0.300000000000001,1.45
"P81","ET_B","RSZYD17042778_A","Before","F",20.96,55,23,1.5,2.73,0.57,2.72
"P81","ET_B","RSZYD17050355_A","After","F",20.39,53.5,23,1.5,2.73,0.57,2.72
"P82","ET_P","RSZYD17042822_A","Before","F",18.52,44.5,22,2.3,5.17,0.949999999999999,5.13
"P82","ET_P","RSZYD17050374_A","After","F",17.57,42.2,22,2.3,5.17,0.949999999999999,5.13
"P83","ET_B","RSZYD17042777_A","Before","M",22.04,60,28,2,3.33,0.739999999999998,3.36
"P83","ET_B","RSZYD17050376_A","After","M",21.3,58,28,2,3.33,0.739999999999998,3.36
"P85","ET_P","RSZYD17042801_A","Before","F",25.67,61.67,28,1.39,2.25,0.580000000000002,2.26
"P85","ET_P","RSZYD17050385_A","After","F",25.09,60.28,28,1.39,2.25,0.580000000000002,2.26
"P86","ET_B","RSZYD17042796_A","Before","M",27.66,79,34,-0.200000000000003,-0.25,-0.0700000000000003,-0.25
"P86","ET_B","RSZYD17050395_A","After","M",27.73,79.2,34,-0.200000000000003,-0.25,-0.0700000000000003,-0.25
